2025-12-10_16-52-05,100,draft.py:2025-12-10_16-52-05
2025-12-10_16-52-06,---,draft.py:2025-12-10_16-52-05
2025-12-10_16-56-20,100,draft.py:2025-12-10_16-52-05
2025-12-10_16-56-21,---,draft.py:2025-12-10_16-52-05
2025-12-13_14-20-08,100,draft.py:2025-12-10_16-52-05
2025-12-13_15-25-46,100,draft.py:2025-12-10_16-52-05
2025-12-13_15-30-24,100,draft.py:2025-12-10_16-52-05
2025-12-14_14-50-04,100,draft.py:2025-12-10_16-52-05
2025-12-14_14-50-08,---,draft.py:2025-12-10_16-52-05
2025-12-14_15-33-04,100,draft.py:2025-12-10_16-52-05
2025-12-14_15-33-28,100,draft.py:2025-12-10_16-52-05
2025-12-14_15-33-32,0,draft.py:2025-12-14_15-33-32
